,VLUE,MTUM,USMV,QUAL,LRGF
Ticker,VLUE,MTUM,USMV,QUAL,LRGF
Date,,,,,
2019-01-02,558300,2288000,4628700,1536000,300300
2019-01-03,451700,2204400,5881200,1054200,169600
2019-01-04,485000,1742800,6096800,995400,344500
2019-01-07,445600,1426900,5668500,2560500,290600
2019-01-08,1686000,1273600,4442100,18799300,457200
2019-01-09,448400,1356900,4677000,1956100,199900
2019-01-10,489200,1530500,3325500,846700,218300
2019-01-11,426000,1032600,4522500,2167700,148200
2019-01-14,853800,972800,3471200,1009100,175200
2019-01-15,2339300,5383500,5823400,739800,1818600
2019-01-16,278400,1991100,3727900,951400,225600
2019-01-17,476500,1183500,5570000,907200,320800
2019-01-18,571400,1354600,4014200,941900,419000
2019-01-22,1331500,1658800,4072200,1669100,456700
2019-01-23,346300,1165900,3687500,982900,319400
2019-01-24,304700,1091200,3253200,646800,176300
2019-01-25,288200,1232000,5182900,722500,238800
2019-01-28,603700,869600,3352400,709000,279500
2019-01-29,182100,573600,7207800,441600,271000
2019-01-30,760300,1165600,4304500,994700,845300
2019-01-31,4174100,1346100,5829300,1253200,681600
2019-02-01,416400,1142000,3523200,1241100,695100
2019-02-04,297700,812000,3261100,623100,433200
2019-02-05,246300,1113000,8785100,2436900,408200
2019-02-06,338400,1010500,2857200,988600,608700
2019-02-07,887500,1400200,3377200,912400,350600
2019-02-08,517200,1154400,3161200,1047300,511700
2019-02-11,326800,827500,2460900,494400,123200
2019-02-12,922900,1922500,5800500,1099500,220100
2019-02-13,460000,1002100,5598500,903200,206700
2019-02-14,407000,696200,9489500,933400,276400
2019-02-15,230100,988600,2828200,1518900,187900
2019-02-19,195000,782800,3672300,1130500,216800
2019-02-20,176900,835600,3234500,1082800,151000
2019-02-21,363000,859900,2506500,642800,140100
2019-02-22,210200,724800,2113900,820600,115700
2019-02-25,454700,1683500,3908400,1406200,172400
2019-02-26,251000,938100,5048800,1152800,269600
2019-02-27,577400,760300,2666000,760800,443000
2019-02-28,399900,1037100,3478300,550400,125800
2019-03-01,361200,1077000,4397700,851400,298200
2019-03-04,398500,1646000,3562200,1665500,209100
2019-03-05,253000,927100,2644800,919000,125700
2019-03-06,382400,952700,2355300,1091000,103300
2019-03-07,850700,1963100,3485800,1409200,347100
2019-03-08,309400,1322800,3642400,848500,409300
2019-03-11,455700,753100,2543100,1241100,644300
2019-03-12,1211500,2136100,4734200,3455700,267900
2019-03-13,338900,963800,2564800,1014400,335400
2019-03-14,253100,513100,2023200,569200,342800
2019-03-15,1847600,742400,2311400,2075400,298100
2019-03-18,561500,941800,2867400,668700,203700
2019-03-19,525300,746800,3284000,926500,184600
2019-03-20,552200,843100,3531500,1530800,223900
2019-03-21,450600,925400,2866600,1001600,260900
2019-03-22,722500,1470500,4557600,1808600,239900
2019-03-25,586200,935900,3294100,889900,414900
2019-03-26,293400,1144200,8594700,1337800,124000
2019-03-27,612800,1059900,5042400,1612000,364000
2019-03-28,348500,827600,2600600,1376700,168900
2019-03-29,370100,1155000,3608600,833700,285300
2019-04-01,298700,1210700,3958700,885700,251800
2019-04-02,245100,972500,4205100,611000,180800
2019-04-03,467600,873900,2894800,1393900,242700
2019-04-04,780900,924800,3540300,1109700,116500
2019-04-05,534300,779700,2966700,1683300,132500
2019-04-08,1638900,795800,3166100,815400,293700
2019-04-09,446900,1511500,2597200,2881700,2020200
2019-04-10,394300,577000,2255600,1293100,190600
2019-04-11,434400,1024300,3423500,554700,219600
2019-04-12,694300,716600,2472000,872600,106800
2019-04-15,449700,484500,3625200,513300,149700
2019-04-16,508800,639900,9107600,3927900,463600
2019-04-17,1231100,623300,3569400,1270100,151400
2019-04-18,1813500,848700,3765900,1982600,506600
2019-04-22,589700,433900,1999300,897600,297900
2019-04-23,273000,582400,3046300,541000,259400
2019-04-24,426600,561300,3142700,827000,114800
2019-04-25,862000,646700,5718900,2443600,271100
2019-04-26,1737000,562400,2382100,467500,105800
2019-04-29,1774600,420400,1994900,597700,116800
2019-04-30,1358800,855400,2224700,594800,177900
2019-05-01,534000,1899900,3327300,752100,127500
2019-05-02,1285900,830900,3378000,861400,124300
2019-05-03,309500,478900,2391600,764000,240700
2019-05-06,607700,581200,2074300,462800,151700
2019-05-07,809700,896900,4133100,1109200,212800
2019-05-08,593400,1069500,3651000,1254200,532100
2019-05-09,321600,843200,4693200,783800,215000
2019-05-10,559000,1013700,3184200,1336300,373800
2019-05-13,722500,1062300,4042500,1060700,352100
2019-05-14,1126200,669000,3072600,1062200,170700
2019-05-15,1523400,646500,2977300,1028500,278200
2019-05-16,620900,496400,2494500,553600,110300
2019-05-17,370600,753100,2252700,1084400,250100
2019-05-20,642400,536800,2319300,671700,208700
2019-05-21,749600,766100,8799400,1455900,453100
2019-05-22,176600,380400,3287500,655000,147600
2019-05-23,687900,710700,3708100,1394700,653200
2019-05-24,325200,484600,1948200,589600,86700
2019-05-28,610700,2186200,2893500,1546900,304700
2019-05-29,572900,3204400,3644100,4972500,135600
2019-05-30,376600,1111100,2530200,1379600,285800
2019-05-31,298200,1119400,3737900,1025300,210800
2019-06-03,1004600,1166600,4972300,1168800,279100
2019-06-04,361700,757900,4008700,657800,147600
2019-06-05,1602000,2331200,4876100,4141400,344500
2019-06-06,639500,1091200,3652500,695900,119400
2019-06-07,501100,1141200,3750300,489600,161100
2019-06-10,317000,1636200,5252900,1889400,131100
2019-06-11,130900,646800,2549900,531600,143000
2019-06-12,171200,693500,2833700,908300,84500
2019-06-13,211400,626700,3540700,875100,154500
2019-06-14,105700,312400,2281100,428800,71300
2019-06-17,174500,849400,2564500,401200,147400
2019-06-18,201900,1027200,4704000,604700,418000
2019-06-19,190800,816900,3307300,668800,118300
2019-06-20,145800,1027200,7521000,1216400,250000
2019-06-21,728500,473200,2386800,7531100,111700
2019-06-24,198900,749600,3090500,1790400,86600
2019-06-25,445800,976900,2832300,374800,93400
2019-06-26,176400,719300,3372100,1037900,184000
2019-06-27,136600,671800,2728900,549400,129300
2019-06-28,1285700,528200,2823900,930000,200200
2019-07-01,3215100,1390600,5799000,3548200,173600
2019-07-02,379500,1235200,10389000,1924500,122400
2019-07-03,139900,829000,2377300,299000,70800
2019-07-05,155900,1560000,3472000,333600,57200
2019-07-08,176500,601900,2886500,286300,69400
2019-07-09,392600,991000,4122900,469300,80900
2019-07-10,154700,611600,3748100,459900,68200
2019-07-11,140000,1052200,2246700,860500,84500
2019-07-12,144400,907800,3352400,738000,192600
2019-07-15,219900,538300,2125400,1001700,80900
2019-07-16,146800,619700,3446500,1028700,187700
2019-07-17,134000,2444600,3339300,438800,68700
2019-07-18,187300,938500,3187500,657500,307100
2019-07-19,285500,1003400,3531800,541300,57200
2019-07-22,186300,666400,3161500,300500,105800
2019-07-23,255900,608200,2953500,508100,188100
2019-07-24,204300,786900,5032600,342400,82500
2019-07-25,141600,762200,3283100,401100,102900
2019-07-26,173800,1879300,4351200,1134500,80200
2019-07-29,522900,2307300,4566300,1388400,62600
2019-07-30,487900,1639200,4533800,862300,198300
2019-07-31,237800,826200,3744800,617300,291100
2019-08-01,573800,3194900,7705500,1148800,173800
2019-08-02,1307800,1827900,7858600,4307500,146200
2019-08-05,594100,1337400,6193100,3982100,150900
2019-08-06,1254200,1932800,10287300,1924300,199900
2019-08-07,928000,1580800,6181000,1310000,144000
2019-08-08,656900,1761100,8346900,1277700,160500
2019-08-09,214300,600000,4373900,887100,104400
2019-08-12,152100,512500,3977900,491700,59100
2019-08-13,469300,3042100,5575500,731200,253700
2019-08-14,363300,1030400,5350300,869600,535100
2019-08-15,407800,1049000,5444400,1321000,361400
2019-08-16,303700,1249500,6079400,472200,118500
2019-08-19,165100,823100,2599600,460900,774600
2019-08-20,300900,579000,3370300,532000,295100
2019-08-21,151600,464600,3742200,301800,237400
2019-08-22,160800,444600,3445500,480500,112200
2019-08-23,417400,1497000,9339300,735500,328900
2019-08-26,283600,566200,4118400,707800,131500
2019-08-27,240400,594300,4685100,1075600,276700
2019-08-28,381100,1070200,6153400,1037100,133300
2019-08-29,341400,594700,3539600,530800,129900
2019-08-30,226500,1510400,3685500,679900,173900
2019-09-03,405700,717400,6671800,635800,160100
2019-09-04,312200,1046200,3244900,590100,221300
2019-09-05,223200,757900,4545400,348200,81900
2019-09-06,127500,853500,4544900,387100,69300
2019-09-09,729700,1430500,4988900,709200,42300
2019-09-10,1142800,2601900,5443600,794300,77400
2019-09-11,939200,2791700,6003300,367200,81100
2019-09-12,912600,2358700,4760100,579500,188100
2019-09-13,540100,2501000,5810200,631600,146900
2019-09-16,397700,1234400,3359000,428900,157200
2019-09-17,265200,1169700,3418800,398100,167900
2019-09-18,309900,570400,2568000,430200,93300
2019-09-19,219600,642900,3771700,288800,185600
2019-09-20,281700,1414000,4177400,386800,169600
2019-09-23,160300,517900,3417800,453100,141200
2019-09-24,425500,5964800,5271800,3374200,130700
2019-09-25,348200,2054600,8810700,1542100,102900
2019-09-26,304800,1980400,4543300,971800,119200
2019-09-27,706600,1421300,3360800,438200,79400
2019-09-30,200700,1590300,3234900,726200,1619300
2019-10-01,597100,6123600,13452000,6723000,130100
2019-10-02,343100,1954200,4962700,2051000,357100
2019-10-03,572900,2659600,6757000,2195100,172100
2019-10-04,1699800,2684300,6818300,1775700,47400
2019-10-07,230100,1732600,5262900,864200,63300
2019-10-08,470800,3234400,4538800,1076300,63400
2019-10-09,150200,1084600,3420900,941200,112000
2019-10-10,349400,1484000,5692700,1109400,39800
2019-10-11,378500,1490800,7412700,893900,106900
2019-10-14,330100,1888500,2896500,480400,101600
2019-10-15,147100,669200,3284100,466300,69000
2019-10-16,109800,995100,5240200,606200,59000
2019-10-17,181700,653600,2755800,733900,83200
2019-10-18,555000,865300,3064000,405300,501500
2019-10-21,171200,1496200,4515500,679200,56600
2019-10-22,474500,986600,3608800,1363300,59800
2019-10-23,335400,998100,3125500,756600,69500
2019-10-24,384700,623700,3637400,835700,44300
2019-10-25,214600,355300,3462500,811600,38400
2019-10-28,927500,444700,3120600,710800,93300
2019-10-29,1308900,510800,9033900,678400,83000
2019-10-30,526100,740900,4032500,654800,83200
2019-10-31,216900,683500,7859700,834500,77100
2019-11-01,365800,804700,3097300,533500,40800
2019-11-04,368500,815500,5380700,740000,173500
2019-11-05,1285800,2576400,6557400,1529100,222500
2019-11-06,1122300,870600,5643200,641900,108400
2019-11-07,341100,809700,3317000,625200,56500
2019-11-08,1242500,1004200,3194500,771200,93800
2019-11-11,262000,476000,2981700,426900,110600
2019-11-12,387800,638900,3206500,636700,79600
2019-11-13,305700,527400,4140100,642700,80600
2019-11-14,361400,678800,12736200,5564300,217300
2019-11-15,344800,577700,3886600,1173300,56100
2019-11-18,165900,599900,10842500,809900,51000
2019-11-19,325300,625300,2743500,867500,78400
2019-11-20,239600,753100,3893600,1385500,207400
2019-11-21,379400,603100,2811800,564000,89600
2019-11-22,185300,561400,2632600,985100,83000
2019-11-25,351400,385000,2811100,3346700,50200
2019-11-26,646300,611600,4740600,1596200,150000
2019-11-27,279300,1116400,2674800,555600,217000
2019-11-29,112300,203100,1083400,269700,39000
2019-12-02,519100,944500,3801600,955300,101400
2019-12-03,557400,930300,2928500,616000,124700
2019-12-04,992200,605500,2751300,833400,76800
2019-12-05,409500,466700,2835200,550600,64500
2019-12-06,420300,662000,2645900,583600,75100
2019-12-09,204800,339800,2657300,541500,67200
2019-12-10,379200,318000,2639200,778600,82400
2019-12-11,464100,307900,2339300,695700,130000
2019-12-12,616400,812200,3361300,887400,114700
2019-12-13,1079200,762300,4008300,763800,91700
2019-12-16,925500,461200,2324300,690900,85000
2019-12-17,959900,698100,2699300,1117800,102700
2019-12-18,207500,275400,2919100,647200,99800
2019-12-19,258500,415200,2677000,829100,85400
2019-12-20,265300,390600,6206200,1828300,124400
2019-12-23,244600,635900,3101100,1238000,61400
2019-12-24,63300,235100,1350300,380000,47800
2019-12-26,94900,246000,1682200,428800,38800
2019-12-27,289600,245300,2402700,490900,93600
2019-12-30,225200,258800,3958800,718100,185500
2019-12-31,345300,541200,2498200,567100,58800
2020-01-02,742900,777600,4728600,1885300,111300
2020-01-03,276000,661700,3191200,826800,188400
2020-01-06,400300,637500,2627500,767600,202700
2020-01-07,341800,480100,3676600,3601600,301500
2020-01-08,319300,737400,3759200,701900,102700
2020-01-09,652400,1265800,4662600,1218200,113000
2020-01-10,179800,600500,3603200,676700,66600
2020-01-13,292600,483400,3232700,718700,144300
2020-01-14,398300,658000,4652900,1070900,93200
2020-01-15,762700,648200,4414100,1140300,106600
2020-01-16,447700,480900,4249800,911500,216400
2020-01-17,515400,641600,4102100,721700,152100
2020-01-21,605000,589500,4601800,947400,126000
2020-01-22,375900,785600,4333900,912300,125400
2020-01-23,332600,988300,3253700,865300,136800
2020-01-24,284500,673700,4984300,903100,174800
2020-01-27,319200,709500,3262000,1150300,108200
2020-01-28,243600,917100,5018000,909100,141000
2020-01-29,277800,761500,3881300,684200,136600
2020-01-30,565100,858400,6537900,925100,136500
2020-01-31,972400,894300,4701400,957400,91800
2020-02-03,509600,805100,4735300,1121600,145400
2020-02-04,353300,1169500,4511000,680100,166500
2020-02-05,513700,1673400,5457600,964900,356300
2020-02-06,672900,469000,3507500,582600,74600
2020-02-07,184400,669500,3666500,642700,193000
2020-02-10,393300,833400,3075500,1313100,251700
2020-02-11,783600,724900,3124000,627100,238300
2020-02-12,288000,1702500,4362300,3387300,259800
2020-02-13,965700,771100,3494300,2212100,177400
2020-02-14,677100,1798700,3705200,2023400,73600
2020-02-18,350700,827000,3810500,741600,158500
2020-02-19,567200,3795600,3086900,5644100,142700
2020-02-20,387900,1122000,3610600,1375700,110900
2020-02-21,408700,1108400,3561700,4847600,178300
2020-02-24,826600,1250600,6257800,1180400,138600
2020-02-25,763400,1942400,8344600,1325800,190400
2020-02-26,1099600,2128800,10318100,3605500,148700
2020-02-27,1139800,2673800,12483800,1943600,220200
2020-02-28,1796200,2381300,16727900,4074200,258300
2020-03-02,727500,2639800,12385900,3411300,192800
2020-03-03,684100,1653800,13061400,2987700,174300
2020-03-04,765200,1545300,6208100,2320500,157400
2020-03-05,720900,1144800,6288200,1424900,125300
2020-03-06,813500,1258900,7646200,1870000,322000
2020-03-09,855700,2251600,9272400,3206400,683900
2020-03-10,2713900,5786300,14800500,4144600,485400
2020-03-11,1220500,2367400,8619900,2998000,213200
2020-03-12,1649600,2102700,17075700,3878100,1325900
2020-03-13,1172200,2065900,12226100,4118200,398900
2020-03-16,853800,2008900,10590100,2575100,523300
2020-03-17,989000,2252900,10076100,3226100,637300
2020-03-18,1087200,1758600,11038600,3259800,474600
2020-03-19,857600,2013100,10031100,3322700,702000
2020-03-20,446800,1170700,8509000,2211900,1072300
2020-03-23,425200,2053900,17770700,2590700,614800
2020-03-24,1276800,2313200,10179000,2369300,788900
2020-03-25,961000,1863500,10330300,3679900,390400
2020-03-26,1113800,2227900,9797300,3189600,324500
2020-03-27,626400,1284300,11079700,2472500,301800
2020-03-30,769100,1118500,6507800,3603000,828700
2020-03-31,2001700,1086000,7946500,2733100,246200
2020-04-01,771500,1007300,9661700,1873500,280200
2020-04-02,678500,671800,7130000,1756400,420200
2020-04-03,432700,896000,6831000,1748300,197800
2020-04-06,566500,1619900,6520300,2474900,773400
2020-04-07,601900,1228200,7958700,7883800,503600
2020-04-08,543100,1357900,6343800,3358700,872700
2020-04-09,12894100,1222800,13717100,19224800,550600
2020-04-13,4347400,1003500,10152800,5263600,333600
2020-04-14,2336400,1074500,5934600,2715400,400900
2020-04-15,1308900,1027800,6124500,2006000,493600
2020-04-16,861900,722600,4493300,1622500,921400
2020-04-17,1194200,1062900,4636500,1733200,305100
2020-04-20,774700,887600,4061400,2107200,218600
2020-04-21,1042500,741100,7454400,1565900,191300
2020-04-22,1068800,748300,7480000,1771500,270200
2020-04-23,550800,708500,9228500,1617600,213200
2020-04-24,1249100,635200,6806300,1381100,216800
2020-04-27,1162200,860800,3559900,1812800,165500
2020-04-28,981200,1415200,3896000,2230900,241600
2020-04-29,1105200,1028800,4843800,2788900,397600
2020-04-30,1166600,958600,6051300,2355700,323300
2020-05-01,702300,1656900,5023200,1630100,308800
2020-05-04,806900,861200,4376100,1679100,346100
2020-05-05,781200,749700,4367000,1724600,649500
2020-05-06,496600,544100,3854200,1839500,330000
2020-05-07,1216700,2927000,6513500,3149000,249700
2020-05-08,686300,984200,3686100,1812400,162300
2020-05-11,738100,834900,4344100,1693100,160500
2020-05-12,360200,3344300,4046400,1695200,129900
2020-05-13,1476100,1368500,6051600,1780600,255500
2020-05-14,1294700,928600,6279300,1951700,883500
2020-05-15,381700,800600,4829100,1256700,142800
2020-05-18,895900,866400,11773500,1413000,177400
2020-05-19,749600,989100,4999500,1946400,217800
2020-05-20,319300,668700,4215800,1139600,145300
2020-05-21,386800,830000,4027100,815300,135600
2020-05-22,635300,943600,3108500,1073400,147000
2020-05-26,710000,1382100,3783300,1662900,181200
2020-05-27,588000,3086300,4797700,1326500,468600
2020-05-28,1072500,1060500,4834200,2391700,238400
2020-05-29,498200,738800,5423700,1285600,233900
2020-06-01,635800,643600,4566200,1033700,164000
2020-06-02,248200,850300,6048900,1110700,310700
2020-06-03,927100,713600,4014200,1283500,267400
2020-06-04,6552100,682500,5044400,2975300,135400
2020-06-05,4181600,622400,4598600,1183700,250400
2020-06-08,1654900,1682700,7238500,1701100,339000
2020-06-09,2154300,1095400,6987500,1907600,167200
2020-06-10,907300,1380500,4014300,1503000,179200
2020-06-11,808600,949200,6991000,1691300,227600
2020-06-12,993300,796700,7971800,1761300,128500
2020-06-15,556100,757500,6094100,1202200,206100
2020-06-16,1193300,862500,6850200,1014300,260200
2020-06-17,1176100,815200,5616700,1369400,86100
2020-06-18,428100,526100,3512300,1124100,81600
2020-06-19,754800,1173600,4170900,1103900,191900
2020-06-22,670800,538800,3444900,936300,120800
2020-06-23,691100,434100,3676900,962800,103100
2020-06-24,648200,734100,7563000,2237600,267500
2020-06-25,2905500,609300,5292200,1217900,142600
2020-06-26,531100,820000,7035900,1200100,252800
2020-06-29,637200,499200,3981700,1541000,822200
2020-06-30,465600,602600,4645400,1245500,182900
2020-07-01,347500,674300,4186400,1036000,263300
2020-07-02,588400,645800,4603600,715000,88000
2020-07-06,449200,582000,3211700,890300,83500
2020-07-07,752100,740300,3781700,1313600,150200
2020-07-08,1256200,954600,3899600,1403500,174600
2020-07-09,1270300,487700,4798200,881900,319700
2020-07-10,956900,561800,3248900,627400,119500
2020-07-13,554200,999900,4173300,703100,186500
2020-07-14,845900,954100,5447200,1310300,166300
2020-07-15,949600,585400,6180000,1518200,214300
2020-07-16,559600,674200,3270500,835900,116700
2020-07-17,440800,567000,2660500,859100,113500
2020-07-20,373400,518300,2895900,810700,160400
2020-07-21,612200,552400,7671700,974000,172900
2020-07-22,686000,395000,3733600,745400,126500
2020-07-23,617200,516100,4898400,1086200,115800
2020-07-24,496500,669600,3013300,769400,116100
2020-07-27,496200,442200,3418300,699500,88000
2020-07-28,272100,437500,3774100,758500,270100
2020-07-29,2386700,583600,3049600,1914500,67300
2020-07-30,661400,635000,4873900,1073000,91500
2020-07-31,572100,511000,3657100,985100,86700
2020-08-03,527100,643500,2992000,1074000,147300
2020-08-04,368100,714200,3534100,806900,96900
2020-08-05,444900,589400,2435100,710800,103100
2020-08-06,383000,392200,2427400,778000,134100
2020-08-07,400700,672800,3499100,626000,137700
2020-08-10,785500,1616900,5004100,707400,56700
2020-08-11,1130300,1772600,7247300,3373600,126700
2020-08-12,508500,782900,2858600,672300,79000
2020-08-13,1160400,558700,3026300,729300,107500
2020-08-14,266600,396500,2187900,1018200,65100
2020-08-17,515300,450200,3317500,385700,297900
2020-08-18,1413000,916300,2315100,610500,252100
2020-08-19,519800,457400,3091400,756100,63900
2020-08-20,301200,353400,4394400,643300,206900
2020-08-21,437100,635700,2863700,471400,68200
2020-08-24,434100,901900,2696700,646100,102500
2020-08-25,725400,523700,2345600,1289500,86200
2020-08-26,1050800,633900,2901600,656600,87500
2020-08-27,1089200,745100,4974800,1311000,1410000
2020-08-28,813300,568900,2954900,584400,48000
2020-08-31,10749700,581300,3071100,597800,162700
2020-09-01,1882600,1237200,2924900,1558500,65000
2020-09-02,889900,1029500,4629600,1143900,97400
2020-09-03,750200,951600,6885300,1105100,132900
2020-09-04,810100,1701600,5941900,1061300,85500
2020-09-08,518800,1225300,4450300,1460300,103400
2020-09-09,3151100,1681900,7071000,913600,103100
2020-09-10,3335600,614100,4772100,642200,77500
2020-09-11,782800,616800,4827000,1137700,112300
2020-09-14,692200,677400,2749600,587300,56800
2020-09-15,1771000,561300,2955100,1531700,49500
2020-09-16,463500,745700,2824900,752200,47000
2020-09-17,1059100,731600,4765200,660500,101300
2020-09-18,599800,808600,3668300,717700,58800
2020-09-21,498000,1411900,4732600,1012100,60200
2020-09-22,488100,4076900,3110300,918200,84100
2020-09-23,518700,657100,4068700,680800,59900
2020-09-24,615100,944100,4112400,843500,64800
2020-09-25,745800,771900,3698200,448400,48700
2020-09-28,675200,743800,2763600,861900,65800
2020-09-29,493800,581100,3090000,556600,40400
2020-09-30,1287700,952600,3532500,948500,68400
2020-10-01,496100,1549100,3437600,873200,55800
2020-10-02,688900,970600,4438600,673100,62600
2020-10-05,419600,572100,2752500,622700,41100
2020-10-06,812600,714500,4082200,652700,66500
2020-10-07,1200400,523000,3569300,977100,65100
2020-10-08,549500,610900,2245900,705400,29900
2020-10-09,609800,585800,2124300,746200,86900
2020-10-12,500500,455000,2832700,471100,73000
2020-10-13,560800,454900,2451700,734700,47800
2020-10-14,484400,563600,2746500,711000,172800
2020-10-15,625200,505000,2458600,614100,71000
2020-10-16,754100,463000,2514200,787300,81400
2020-10-19,711200,876000,2939000,1506100,116100
2020-10-20,630100,684100,3204900,811900,76400
2020-10-21,388700,586300,3235200,466500,78600
2020-10-22,404500,487800,2836100,831100,42500
2020-10-23,407000,442200,2965700,666100,54600
2020-10-26,557700,766800,3156600,667500,80000
2020-10-27,902800,861200,3345100,740200,43900
2020-10-28,903000,1213600,4304600,1156100,86400
2020-10-29,610900,768600,4712000,1093500,52000
2020-10-30,1429900,875600,5357900,1017700,73100
2020-11-02,1428000,1257200,4715300,717500,98400
2020-11-03,1477000,1021500,4403500,508600,45700
2020-11-04,1396200,1373000,5764200,841900,55900
2020-11-05,1254600,1576000,4151100,1207200,69100
2020-11-06,1293300,778400,2803600,815000,83300
2020-11-09,2998900,1573800,4593300,1136300,125100
2020-11-10,1376700,1345700,3534700,1141900,76900
2020-11-11,2606300,1101600,2097700,659000,46900
2020-11-12,849100,2177200,2514600,3356700,939200
2020-11-13,700600,420000,1789900,906400,68800
2020-11-16,1280200,636100,2339600,513500,68900
2020-11-17,3118400,3719000,4570300,1396900,147800
2020-11-18,730500,586400,2680400,586800,252700
2020-11-19,856900,1020700,6582300,550500,100500
2020-11-20,1239100,730900,2187700,769700,99000
2020-11-23,1496200,1165000,3619500,737100,147700
2020-11-24,1742900,1008600,3464700,938300,89300
2020-11-25,739200,605000,3417800,636600,55200
2020-11-27,2250200,416700,1255500,206800,25100
2020-11-30,1427800,1230500,3195700,1590000,84300
2020-12-01,580300,862000,3559700,1018300,99800
2020-12-02,591200,707900,2355600,464600,137600
2020-12-03,678400,690800,2126600,594300,67000
2020-12-04,515300,765300,2148100,776900,56600
2020-12-07,491100,868000,2099600,710900,78700
2020-12-08,609000,1399800,3214400,1000500,73900
2020-12-09,697600,1213700,3006100,1725300,321000
2020-12-10,349600,720900,2566900,718600,96100
2020-12-11,720000,762700,3077800,716800,84900
2020-12-14,1060500,875900,2771000,899000,102400
2020-12-15,560000,612500,3094700,2387500,97900
2020-12-16,804900,641600,2195600,926800,43700
2020-12-17,977200,847000,3381100,1328100,53300
2020-12-18,1057600,1691700,4383100,2240300,85100
2020-12-21,1920000,607000,3769200,1008600,74600
2020-12-22,651000,547300,2373700,1179800,49500
2020-12-23,443700,606900,2535700,1023800,30100
2020-12-24,209900,299200,965800,242400,46100
2020-12-28,414100,504600,1653900,616200,156300
2020-12-29,953300,629000,2645000,691400,83900
2020-12-30,977600,375300,1982900,613400,113900
2020-12-31,413400,568800,2342500,351700,101900
2021-01-04,1057400,1049100,6084100,949900,95700
2021-01-05,907000,811800,4288100,719000,123000
2021-01-06,3376200,1130400,4898400,659200,67900
2021-01-07,870800,788900,4070500,667800,139500
2021-01-08,841400,1287000,4565000,831500,160700
2021-01-11,500400,982700,3456300,721000,77400
2021-01-12,454500,700700,4159400,990600,194500
2021-01-13,752000,787600,6749400,868100,196100
2021-01-14,1921400,8034600,18217200,1663900,120300
2021-01-15,7896200,2269300,9771100,2510900,51000
2021-01-19,1030800,1266500,5922600,823700,139100
2021-01-20,1481900,1469800,3966300,1562500,60200
2021-01-21,463800,1078100,5246900,1728700,86100
2021-01-22,709100,661300,4492200,4288800,104300
2021-01-25,474100,732600,4898600,4228600,85200
2021-01-26,672200,1318400,4521100,3805100,138700
2021-01-27,498300,1144200,6395600,2105600,157400
2021-01-28,704900,897100,5597500,837800,116900
2021-01-29,1651300,1054700,5739000,5358700,242700
2021-02-01,906500,1120800,3924600,790800,217100
2021-02-02,1273300,2604900,3292900,781200,54300
2021-02-03,535300,1052700,4519700,1077100,149000
2021-02-04,619900,613600,4308700,1119700,79900
2021-02-05,579800,709400,3394900,883900,46800
2021-02-08,1768200,2841300,5809000,2200200,190800
2021-02-09,695600,1216700,3232300,1062100,153300
2021-02-10,607400,825700,3790300,667000,120700
2021-02-11,673200,768800,3834800,911000,71900
2021-02-12,767500,525100,2783700,891700,94100
2021-02-16,523500,1805300,3324200,824800,81500
2021-02-17,556300,712800,2142400,644300,94200
2021-02-18,684800,578800,2971200,804100,128300
2021-02-19,414200,629800,2877600,552500,129200
2021-02-22,656000,821400,2655400,530300,69000
2021-02-23,1193800,4211000,5780400,874300,159900
2021-02-24,1533500,1673700,3873000,3870700,104300
2021-02-25,1186000,2155800,7114500,2761700,212800
2021-02-26,943100,2657800,4917100,1580400,148900
2021-03-01,519200,1506700,5156400,640100,141300
2021-03-02,2048500,1169700,4255900,911800,163500
2021-03-03,583400,2812700,5325300,958400,162200
2021-03-04,1628400,3596400,7399800,1069900,143200
2021-03-05,1427500,3726500,5966400,1635000,222700
2021-03-08,869000,2951900,3902700,2280400,63900
2021-03-09,10290500,2181100,3705700,1237500,64500
2021-03-10,1050500,2115300,4610900,1003100,149000
2021-03-11,820600,1544300,5427300,961100,76100
2021-03-12,841800,1453800,4082500,999500,88600
2021-03-15,1671500,872400,2795600,853300,104600
2021-03-16,806900,856000,2904400,932900,127900
2021-03-17,821700,822900,3100700,1168300,105300
2021-03-18,918000,1138000,3446100,896900,109400
2021-03-19,984700,1325200,4179100,1553400,53900
2021-03-22,622800,838000,2945700,716400,75300
2021-03-23,3100600,3722600,3616400,811700,83500
2021-03-24,1324800,1756900,3742500,935300,139400
2021-03-25,1313000,1232300,2915500,903800,131000
2021-03-26,1387200,848800,3573000,1725800,120700
2021-03-29,1326900,1229100,4261700,1001500,149800
2021-03-30,734400,796400,4605800,967200,113700
2021-03-31,1062600,825200,2904400,880900,128500
2021-04-01,964100,1431300,5161700,1097500,57600
2021-04-05,1074300,847600,4166900,1613200,101900
2021-04-06,800100,834100,2722900,904200,63700
2021-04-07,753400,771200,2259300,772900,50200
2021-04-08,1419000,940100,3807900,890700,96500
2021-04-09,587700,627500,2773100,1084400,63200
2021-04-12,2699400,538400,2007200,835600,173600
2021-04-13,941200,759400,4524400,1557000,61500
2021-04-14,1376300,916800,2719300,962000,135200
2021-04-15,1658500,965400,2976300,1371100,77600
2021-04-16,1149300,922700,1966000,713900,80900
2021-04-19,922900,903500,2990000,981600,133700
2021-04-20,1443200,675600,2826400,917600,70700
2021-04-21,1559100,660800,3508100,985200,108600
2021-04-22,2919800,1429000,3926600,1417600,82200
2021-04-23,1218900,1104400,2011300,1025500,100900
2021-04-26,9127100,582300,1558700,725700,106100
2021-04-27,1665000,774100,2841500,733200,62600
2021-04-28,1962200,810900,3261800,742100,95900
2021-04-29,732300,801100,2224000,1230400,224600
2021-04-30,769100,648400,2459500,747100,94300
2021-05-03,973800,839900,2462200,924100,74800
2021-05-04,1168300,1212800,3692900,1055900,126100
2021-05-05,1632300,1210800,2226600,1270800,70300
2021-05-06,2462300,1363400,3882800,855500,134800
2021-05-07,2324500,1702100,2268500,533300,57700
2021-05-10,5043500,1380400,2711000,817200,189300
2021-05-11,5219300,1986300,6721600,2188400,182400
2021-05-12,1588500,1847700,5754100,1184900,171800
2021-05-13,1293100,2006200,3431700,1016800,120900
2021-05-14,984800,1179700,1952500,702100,113100
2021-05-17,2044600,1528500,2782100,870100,89300
2021-05-18,1151300,1164400,2436300,672300,53400
2021-05-19,1732000,1242800,3971100,1118800,150000
2021-05-20,994300,831600,2623400,813200,90200
2021-05-21,553300,683000,2514800,642500,79900
2021-05-24,1783900,737500,1878400,523500,68300
2021-05-25,3475300,1402200,2985700,2059100,156000
2021-05-26,629200,928800,9045700,737800,77000
2021-05-27,1237000,1639400,4457900,682800,69900
2021-05-28,1247500,901000,3047500,696700,77300
2021-06-01,586600,938400,3051200,650400,130800
2021-06-02,442400,1121800,2454600,2932400,102000
2021-06-03,1214800,873500,2569000,1002300,62600
2021-06-04,701300,591900,2865200,567200,104500
2021-06-07,912000,478500,2536800,892600,159000
2021-06-08,540800,449200,2333200,533800,87700
2021-06-09,1018700,478500,2101500,680600,54600
2021-06-10,1413600,851200,3331800,1092000,362000
2021-06-11,1523500,2182900,4256200,828600,77500
2021-06-14,755500,553600,1718300,647100,49300
2021-06-15,633800,500700,3189000,548000,51500
2021-06-16,889100,546400,3186700,645700,132900
2021-06-17,1155000,783400,4013400,932200,163200
2021-06-18,1210400,572300,4013600,836900,64800
2021-06-21,1277100,617000,3732200,558900,186200
2021-06-22,1240200,492600,2727800,585200,74100
2021-06-23,1186800,549300,2412900,699500,41600
2021-06-24,602400,612000,2177700,515800,44600
2021-06-25,1207200,633500,1948200,487500,41100
2021-06-28,580700,404600,1697000,417400,50700
2021-06-29,837900,467200,2120000,489900,39100
2021-06-30,753100,427700,2109800,602800,95300
2021-07-01,702600,768300,1804700,625700,248300
2021-07-02,635300,377400,1542600,796400,75100
2021-07-06,1002100,491300,1763300,1114800,100200
2021-07-07,1611400,705400,2574300,3849800,53100
2021-07-08,1509100,668200,2937600,1825500,116600
2021-07-09,1288100,555600,2562300,770800,54300
2021-07-12,1507200,1324900,2431100,651900,41900
2021-07-13,5930500,645000,2590700,2844800,65600
2021-07-14,1726300,477700,1888400,782600,113300
2021-07-15,1485100,458300,1826800,792000,100500
2021-07-16,1630200,303800,2820400,667500,67800
2021-07-19,3237600,2235400,6238800,6085500,193000
2021-07-20,2176900,759100,2291100,1608200,195000
2021-07-21,3553300,942300,1892700,3358900,1022500
2021-07-22,4630400,404600,2654900,3478200,52100
2021-07-23,2835300,6137000,2012500,852600,75700
2021-07-26,1326200,2147900,1642400,1275200,44400
2021-07-27,751300,754200,2178200,773100,221900
2021-07-28,1407300,644700,3055700,945600,52300
2021-07-29,935600,610000,1478500,1008300,76600
2021-07-30,1126400,710100,1926300,812100,41000
2021-08-02,673900,936600,2024200,940800,65800
2021-08-03,995500,1082300,2705500,860100,103600
2021-08-04,1068800,752100,2143500,835300,87700
2021-08-05,684000,678600,1652000,556000,68700
2021-08-06,682400,615500,1598700,741600,53900
2021-08-09,1153200,608300,2117800,864700,37800
2021-08-10,671900,639500,1481700,702100,74200
2021-08-11,1241100,688800,2186800,711700,52600
2021-08-12,636800,413900,1511500,726400,71000
2021-08-13,948900,417500,1602200,526100,34000
2021-08-16,1014800,561500,2590500,535700,1952400
2021-08-17,1386700,931800,2886700,3552300,105900
2021-08-18,1236400,495100,2729000,975700,100700
2021-08-19,1818900,928700,4861300,885400,84300
2021-08-20,732200,407000,2809500,875400,55200
2021-08-23,1179200,501000,1889300,785900,57600
2021-08-24,1520400,487000,1550600,784800,69600
2021-08-25,1067800,350600,1914100,532000,79500
2021-08-26,1545300,427400,2040000,1314500,123500
2021-08-27,691100,534600,1600500,723500,101900
2021-08-30,456000,563400,1402300,681400,63400
2021-08-31,967600,556900,1953700,642300,152500
2021-09-01,1109000,783800,2583900,1484200,78500
2021-09-02,774900,478100,1860600,1013400,103000
2021-09-03,742500,285100,1452000,588800,84500
2021-09-07,723100,310400,1640000,1107500,327100
2021-09-08,935100,379300,2431400,5565800,657600
2021-09-09,989800,563700,2438500,1055900,124400
2021-09-10,762000,628300,2435400,1212700,127500
2021-09-13,652300,471800,2066000,871400,187900
2021-09-14,721500,1032700,2315000,1109200,112600
2021-09-15,744700,510400,1970200,661500,121000
2021-09-16,477400,570800,1733700,591400,89700
2021-09-17,712800,593600,2899900,684200,105300
2021-09-20,732500,653200,6640800,1081100,129900
2021-09-21,814000,3432900,4566600,5180600,177200
2021-09-22,755400,831500,5705200,1357500,160700
2021-09-23,881500,649800,3765700,1066900,54700
2021-09-24,549500,315100,2494300,942500,50200
2021-09-27,626800,1195300,3459600,923500,46500
2021-09-28,1061600,3834900,11789300,1778500,92700
2021-09-29,772100,806000,5181500,1300300,76800
2021-09-30,911800,1144800,7498100,1491700,180500
2021-10-01,1021300,1105300,5362700,1624900,237600
2021-10-04,2631400,719900,6561100,3004600,155900
2021-10-05,862500,698700,2738700,930000,80800
2021-10-06,1185600,1173100,4370600,1137700,155000
2021-10-07,742600,629900,1929100,886500,49200
2021-10-08,849200,312100,1935700,543300,98500
2021-10-11,799800,240400,2309900,864200,111300
2021-10-12,4486600,624000,4076800,3984900,81000
2021-10-13,988200,598200,3355800,1294800,81500
2021-10-14,855700,700300,2513400,799600,81700
2021-10-15,893100,597400,2506100,605500,43900
2021-10-18,754700,551800,2720400,592100,107600
2021-10-19,2167800,1218600,2896700,1090900,61900
2021-10-20,987700,503300,2016600,1135400,82400
2021-10-21,7160900,543000,18644400,581100,90200
2021-10-22,1685300,938700,6947300,753100,98600
2021-10-25,1410500,634400,3529600,842400,54200
2021-10-26,1131300,1302100,3620300,896100,125000
2021-10-27,2332100,880400,3588900,604300,45100
2021-10-28,1209500,528500,3145000,657500,69200
2021-10-29,1051400,792600,3791400,606800,83700
2021-11-01,899500,1123800,3117100,824800,113200
2021-11-02,1050400,1902200,4221200,660700,169300
2021-11-03,1321700,683200,3361300,947700,66600
2021-11-04,1119300,742100,3838600,631800,49800
2021-11-05,1277000,689600,6834800,667500,89800
2021-11-08,919400,764700,4920300,1011700,65900
2021-11-09,2729200,2870300,5084400,548000,67900
2021-11-10,1297900,1239400,3352500,800700,69800
2021-11-11,1193500,630500,1735200,480100,58100
2021-11-12,673700,879900,2000800,525900,48000
2021-11-15,1141800,594200,2976000,1230500,65700
2021-11-16,752700,592700,3641900,476700,144900
2021-11-17,893600,4786800,4331600,1430800,64300
2021-11-18,1190900,631900,2691000,598600,128800
2021-11-19,839700,592800,2291200,567100,142300
2021-11-22,1193200,1332500,3326200,786400,85100
2021-11-23,1098800,738700,3773400,611200,98600
2021-11-24,966000,704700,2233700,811200,162900
2021-11-26,1166600,739200,2855900,905900,53900
2021-11-29,1339700,1133300,2951100,631800,74700
2021-11-30,1888400,1514700,6604900,1208800,93200
2021-12-01,2207400,1049500,7577100,2059400,80700
2021-12-02,2120700,1653700,6754900,2091300,114700
2021-12-03,1805000,1938200,7789100,1550300,77500
2021-12-06,1427700,1849000,4655300,2283900,115500
2021-12-07,1281300,5275500,3509500,1333100,226500
2021-12-08,788200,993200,2627400,991800,98800
2021-12-09,1020800,1001200,1823100,1035800,42200
2021-12-10,1179600,1919700,3295900,1254300,52000
2021-12-13,1061400,1085300,3221900,1306700,55100
2021-12-14,1501900,1814900,2823700,1290300,129500
2021-12-15,2002400,1635500,3835800,1428000,85900
2021-12-16,2329500,2091500,5874700,1631000,62600
2021-12-17,2360300,1394400,3787700,1507700,76400
2021-12-20,1477700,1203500,3333500,1570500,145800
2021-12-21,1226900,837800,2006400,1246000,128100
2021-12-22,957600,839400,2416100,1095000,177600
2021-12-23,701700,581500,2374200,703100,73400
2021-12-27,704700,558500,1748900,681400,72000
2021-12-28,1001900,587500,1977500,935500,87900
2021-12-29,953200,573400,1982100,674300,110500
2021-12-30,621700,520700,1708800,649900,105600
2021-12-31,545700,485900,1747200,595700,47700
2022-01-03,1635100,1385300,2768800,1352600,74700
2022-01-04,2664400,1200900,2209100,3915900,182700
2022-01-05,3333900,1704000,3367700,4518300,78700
2022-01-06,3127800,1592500,4462000,2014000,133000
2022-01-07,2335900,799700,3019100,1075300,80200
2022-01-10,3506100,1578900,4250900,2396800,176900
2022-01-11,2925900,1198100,3129100,1978000,165500
2022-01-12,2003600,769700,2879000,1297900,56000
2022-01-13,3827200,1304600,4252900,1483500,68600
2022-01-14,3906700,2067900,4527500,987800,124700
2022-01-18,6587300,1882200,4305000,1075700,136900
2022-01-19,6913400,1557300,4414900,1124200,142300
2022-01-20,2215200,2585400,4738900,1722600,111500
2022-01-21,3197100,3182100,6134800,2600500,273500
2022-01-24,3635900,4551100,13209100,3337700,295500
2022-01-25,10306800,3220100,4884300,2229400,183300
2022-01-26,2901900,4223900,8613300,2504600,162900
2022-01-27,17944500,3185200,11784800,2253000,178400
2022-01-28,6006900,2657300,6936700,2830800,102700
2022-01-31,3053200,1854300,5206900,1469400,96200
2022-02-01,2497400,2253000,5608700,1786100,98300
2022-02-02,2399000,1766400,3988200,1156900,279400
2022-02-03,9420500,2406400,5380400,2714600,588900
2022-02-04,2652000,1934600,4955100,1332500,82800
2022-02-07,2452300,1285800,3411500,1234800,71400
2022-02-08,2600800,1741900,4180900,1657600,178200
2022-02-09,2077300,1773300,4889500,1652000,89500
2022-02-10,2543900,1364300,5199100,1562800,81500
2022-02-11,2487300,1805900,6720100,1444600,109700
2022-02-14,3382500,1184300,3828300,1763700,121000
2022-02-15,1841900,737400,1999400,1153600,83500
2022-02-16,1924900,915800,2639000,1048200,83800
2022-02-17,1468100,946000,2965700,1129500,119400
2022-02-18,1792400,1310700,3429300,1609300,218200
2022-02-22,2115300,1851500,3736800,1645700,201000
2022-02-23,1937400,1246600,4681400,1505300,194100
2022-02-24,5063200,1410500,7685500,2931400,345300
2022-02-25,2218200,960500,5037900,1626200,167800
2022-02-28,1867600,684900,4527600,1608300,149600
2022-03-01,2079600,1247200,4147500,1675700,112800
2022-03-02,2005900,2162900,3996200,2210500,66100
2022-03-03,1157200,1177300,3019400,1604100,84600
2022-03-04,1159900,1115900,2980700,1433300,101600
2022-03-07,1932700,2550200,2801700,2976800,449300
2022-03-08,1510900,2584200,5087600,3383100,104100
2022-03-09,1709200,1322300,3518600,1571400,147100
2022-03-10,1186300,1497200,3015400,1806900,122000
2022-03-11,2728600,1001300,2424100,1589000,65000
2022-03-14,1944200,1200700,3272600,1471400,108000
2022-03-15,2112300,863000,4814300,1548000,90200
2022-03-16,1288600,1283300,4655300,2189200,138500
2022-03-17,1085800,689500,3485900,1151400,87800
2022-03-18,1386700,768000,2584500,988200,84300
2022-03-21,1049900,995500,4227600,867700,108200
2022-03-22,1150600,574100,1941100,819000,84100
2022-03-23,746800,1181000,1987300,1068100,65900
2022-03-24,1084300,542000,2144400,875800,98900
2022-03-25,1007500,628800,1635400,1478500,47900
2022-03-28,737100,453400,2422900,736100,64800
2022-03-29,1053300,531700,2809000,1083800,69400
2022-03-30,730800,1168000,2192100,1414600,61800
2022-03-31,2813100,855100,4158100,1269200,69200
2022-04-01,980700,579300,2568600,1357600,70300
2022-04-04,1168900,494100,1956500,793600,63900
2022-04-05,2123800,685100,2093200,1663800,72300
2022-04-06,1162700,777300,3897600,1591400,88700
2022-04-07,1262300,865100,4291800,1328500,77500
2022-04-08,913600,807500,3276300,965500,50000
2022-04-11,1138500,942000,3068200,2177300,79300
2022-04-12,1036400,883400,8741800,1288600,79600
2022-04-13,1481600,895000,3179800,1088400,78200
2022-04-14,544900,633500,2271000,653200,233300
2022-04-18,967300,818000,4075400,1031700,79100
2022-04-19,843100,831700,3222500,771000,97700
2022-04-20,1070900,2093600,3199200,1245200,102000
2022-04-21,836400,820200,3487900,1379600,91100
2022-04-22,841000,1578800,5878300,1291400,94100
2022-04-25,1296700,1771600,5968000,1452900,112700
2022-04-26,1233800,1275400,3986300,1267500,135800
2022-04-27,1474000,1890500,5184100,2377900,109800
2022-04-28,1306000,1662600,2681200,1903800,89700
2022-04-29,2106600,2355400,4099300,1920400,110800
2022-05-02,1676900,2374400,6188800,2221800,102000
2022-05-03,1910700,1090100,3134600,1856300,112800
2022-05-04,1984600,1292500,3196600,1909700,152400
2022-05-05,1398400,946500,5815900,1835900,645900
2022-05-06,1633900,1649800,5582800,1953300,928900
2022-05-09,11246100,1995600,6961900,3111100,158200
2022-05-10,2976900,2825100,4836700,3784200,171000
2022-05-11,3428100,2531200,4570700,2370500,261900
2022-05-12,2001200,3044700,4546700,3560100,428000
2022-05-13,1496700,1434800,2428700,1926200,131700
2022-05-16,898500,1717800,2561200,1948800,328300
2022-05-17,1034800,768100,2885800,1407900,100800
2022-05-18,12712300,721200,3636700,1035000,123000
2022-05-19,3851600,1384600,4830300,1512200,1198700
2022-05-20,1547900,1203600,4000300,1732600,130900
2022-05-23,1069300,967700,3581100,1413000,178000
2022-05-24,1491800,946800,2971300,1141100,300400
2022-05-25,1410700,784400,2962500,1194900,194800
2022-05-26,949200,885900,3518200,1865800,105200
2022-05-27,948100,1091400,1788400,1003000,83900
2022-05-31,1382600,1325600,3166200,2154300,69800
2022-06-01,896500,7100500,8571200,1356100,333200
2022-06-02,1070800,1732000,3728800,995200,121200
2022-06-03,649800,1430100,2032800,807800,99500
2022-06-06,696500,1106900,5165800,1187300,372500
2022-06-07,731800,1511500,3803200,1559600,99400
2022-06-08,666500,1156000,2765200,682500,113800
2022-06-09,843400,975000,2340100,772200,121100
2022-06-10,1259800,1159200,3907300,1526700,202500
2022-06-13,2085300,1733100,5485700,2709600,336000
2022-06-14,2133400,1867000,7446400,2728900,308100
2022-06-15,1407600,2260800,3490000,2054800,141500
2022-06-16,1314800,1528900,3766900,1702900,186800
2022-06-17,1575100,1832000,3794800,1610000,160800
2022-06-21,1077500,1437600,3669600,2091700,253100
2022-06-22,1047100,1417900,3977800,1735400,95400
2022-06-23,1054000,1560700,4395100,1267900,115900
2022-06-24,824800,926900,2192500,1352600,118000
2022-06-27,633200,1077400,1754900,1077000,209000
2022-06-28,698200,1366200,3491600,879300,112900
2022-06-29,857400,1163300,4968100,1287900,76100
2022-06-30,1155700,1417500,4813800,1508900,103900
2022-07-01,890300,1145000,3535500,1807300,102500
2022-07-05,1090500,1563500,1998100,2534700,446700
2022-07-06,806200,1202900,7704400,1151800,188200
2022-07-07,782700,806200,2642900,1139700,253400
2022-07-08,1317200,640300,2671700,690400,192300
2022-07-11,771800,713400,2524000,4932900,144300
2022-07-12,1051400,951000,2485400,2187300,215600
2022-07-13,727100,1082800,2194800,1404800,243800
2022-07-14,1058600,982200,2168400,1975200,91000
2022-07-15,585300,829800,1528800,1096300,212300
2022-07-18,680500,583500,1409600,817000,189100
2022-07-19,654600,6425500,6720700,976700,188100
2022-07-20,699700,619200,2066500,1453800,196600
2022-07-21,1565000,914000,9052500,1680400,118600
2022-07-22,912100,730800,2641400,1737800,661500
2022-07-25,638800,532600,2655300,1088200,207900
2022-07-26,590600,441700,3074700,657300,158400
2022-07-27,1112000,711600,3275400,1180700,86000
2022-07-28,751300,463500,3933900,1272400,170700
2022-07-29,780800,574600,1402000,1081100,78200
2022-08-01,814500,691300,7489500,1103800,101800
2022-08-02,563900,828600,2245100,678200,91100
2022-08-03,557700,547000,2041700,875800,104100
2022-08-04,581100,498200,1656700,875200,82100
2022-08-05,349500,492000,1420500,768900,236800
2022-08-08,709800,748300,1889000,622200,62900
2022-08-09,488800,601100,1778000,586600,153800
2022-08-10,473500,660800,4642000,637900,59400
2022-08-11,415400,641000,3433200,783500,119900
2022-08-12,820900,540400,2546800,1286300,76100
2022-08-15,382100,481200,2578300,770800,198400
2022-08-16,475800,458100,1541500,529000,117700
2022-08-17,383800,812800,1724300,941600,104000
2022-08-18,328700,411500,1599200,652400,79100
2022-08-19,408100,450500,2603400,492500,146100
2022-08-22,555000,565000,3918800,777700,65200
2022-08-23,261500,408400,4199500,758000,126200
2022-08-24,430600,343700,1454300,646900,86400
2022-08-25,311900,616900,988100,494300,62900
2022-08-26,515000,874000,2241500,854500,96700
2022-08-29,480100,555200,1673000,6389900,68000
2022-08-30,338000,596800,1590600,847300,119800
2022-08-31,1140400,588200,3637200,1447600,86400
2022-09-01,1576400,694600,2372900,1443800,80000
2022-09-02,1848000,682900,2754700,1432500,65500
2022-09-06,867500,1086300,2988200,1224000,97800
2022-09-07,503000,931900,7249500,1389800,332700
2022-09-08,733900,750200,4781700,1194800,144000
2022-09-09,484200,329600,4188900,539200,228300
2022-09-12,440600,418300,1919400,1071200,213300
2022-09-13,364300,709000,5318100,986900,136100
2022-09-14,1176700,891300,2447300,1042200,199600
2022-09-15,942600,808200,2058800,1089500,122500
2022-09-16,806300,1293300,2746700,994000,76400
2022-09-19,340500,488400,1583300,683600,95300
2022-09-20,469400,543300,2274900,793400,145900
2022-09-21,557000,994200,2756800,1002400,250600
2022-09-22,815800,765800,2432000,1167300,271000
2022-09-23,1171700,1028800,3223600,1691500,172200
2022-09-26,1207900,999900,4957500,2608100,169400
2022-09-27,1472200,987600,15236800,2636600,1017000
2022-09-28,2214400,1127500,8361600,2341600,445900
2022-09-29,1908000,835100,5835200,1378500,295900
2022-09-30,1023600,1040600,11786900,2155700,286600
2022-10-03,686400,1139700,3486700,1925400,192300
2022-10-04,885100,788500,4724300,1537700,293700
2022-10-05,483200,643700,2902400,1252600,95100
2022-10-06,730900,856900,4036400,1310600,121700
2022-10-07,583100,521200,3106400,1094200,84200
2022-10-10,689900,477700,5072900,1043000,202300
2022-10-11,621400,5231900,9973700,1414700,543400
2022-10-12,601400,1158500,4071800,1120800,470000
2022-10-13,1012200,1392600,4592600,1763800,192900
2022-10-14,838800,930800,2857000,2319500,168400
2022-10-17,949300,569400,3653400,1475800,204300
2022-10-18,610800,760600,2633600,1505500,148400
2022-10-19,547300,573700,2148800,1310000,167100
2022-10-20,711300,8255000,2573900,1419400,318400
2022-10-21,515300,2796400,2559000,1342400,425000
2022-10-24,600300,1173700,2883000,1037800,1598100
2022-10-25,520500,810400,2775600,991900,163500
2022-10-26,352900,761800,2110600,1232500,86200
2022-10-27,887100,751800,4769500,1085900,212600
2022-10-28,513800,634400,4026900,880400,113000
2022-10-31,425100,661900,3334000,1072900,130200
2022-11-01,518600,2266200,2406000,1347200,190100
2022-11-02,789300,1353600,5685200,1541300,192400
2022-11-03,593500,575700,4089800,1570000,154900
2022-11-04,559000,685800,3145600,1361100,197600
2022-11-07,325200,662900,1989800,852100,298600
2022-11-08,570800,635400,1731500,894200,161500
2022-11-09,340000,419600,2094000,797600,127000
2022-11-10,690900,749600,3804800,1682100,195300
2022-11-11,945300,1749300,3856200,1060600,109200
2022-11-14,323500,715600,2267800,1107200,224700
2022-11-15,356200,5334400,3953400,1151400,377200
2022-11-16,406200,1206000,2204700,799800,306400
2022-11-17,289000,454700,4621500,678500,80600
2022-11-18,327200,360900,1689200,1962300,208400
2022-11-21,254500,361200,1969200,3035200,94400
2022-11-22,530800,339600,1495500,717200,123200
2022-11-23,323000,280600,1429900,628700,139700
2022-11-25,132100,115400,733000,260800,28800
2022-11-28,308000,291800,1365300,502000,70600
2022-11-29,534400,340400,1325700,569000,153900
2022-11-30,741400,497800,2894100,952700,128500
2022-12-01,614200,912900,4390600,1570100,104400
2022-12-02,555500,359800,2230400,816400,173200
2022-12-05,465100,411600,3769200,834600,235700
2022-12-06,443800,515600,3750700,571500,205300
2022-12-07,283400,319000,2050400,640800,143400
2022-12-08,562100,392600,1856600,585800,118900
2022-12-09,236100,482900,1285500,741700,75300
2022-12-12,362000,405000,3857800,1345000,300900
2022-12-13,1027900,478500,2680300,1313700,171300
2022-12-14,776600,474300,2770200,792500,151700
2022-12-15,1053500,646900,2794100,742400,109900
2022-12-16,354600,421200,2627200,652100,545000
2022-12-19,445000,372700,3638500,939600,128900
2022-12-20,747300,399400,2873400,1173800,99400
2022-12-21,405400,375300,3646000,784000,152100
2022-12-22,351700,366200,4301400,1355800,181000
2022-12-23,462200,436600,2544300,799700,298200
2022-12-27,552800,329100,1771000,786700,126900
2022-12-28,382700,302500,3141100,835200,262700
2022-12-29,332800,366800,1759900,806600,110100
2022-12-30,338000,450300,3044300,1086200,143800
2023-01-03,437400,589200,2352300,1781800,182100
2023-01-04,645200,493700,2552600,1521800,133100
2023-01-05,273100,422200,1805600,857600,309900
2023-01-06,293700,434400,2193000,532000,151900
2023-01-09,1343000,373800,2419900,925400,102600
2023-01-10,231500,398900,4854000,691500,64400
2023-01-11,1283700,1470700,9219600,2110400,804800
2023-01-12,1035500,560700,3084800,1750200,278700
2023-01-13,419600,451000,2425500,684400,242900
2023-01-17,796400,1161300,4220500,1410800,112700
2023-01-18,631800,949600,2293300,1460200,104600
2023-01-19,308500,428300,5865800,824900,1252900
2023-01-20,356600,381300,3670300,487800,158000
2023-01-23,388600,432400,3983400,1017200,95300
2023-01-24,372400,526200,2574100,492700,109400
2023-01-25,477900,319700,2254000,616900,90900
2023-01-26,292600,464400,4581900,1065500,186600
2023-01-27,272600,372800,3551300,889500,89800
2023-01-30,238200,380300,3285500,615200,151800
2023-01-31,452500,597200,2681600,765600,118300
2023-02-01,281300,803200,4090700,646800,164900
2023-02-02,1902300,701400,4038200,814000,396400
2023-02-03,550600,1333800,4752000,965400,427700
2023-02-06,345500,609100,2957600,472800,207800
2023-02-07,294100,1000400,4046700,608900,256000
2023-02-08,188100,807800,2234000,506600,104700
2023-02-09,350900,542300,2546200,510300,75800
2023-02-10,176500,377700,2167800,937200,218600
2023-02-13,225000,454800,9756000,428100,551800
2023-02-14,475000,338100,4798300,536300,143800
2023-02-15,275600,441500,2620900,599500,106200
2023-02-16,269100,394100,3712100,559500,136300
2023-02-17,184500,480100,2847000,426700,106200
2023-02-21,245100,510900,2497700,652200,83100
2023-02-22,442300,392700,2325900,473400,103300
2023-02-23,202300,350200,2146100,471800,257600
2023-02-24,286300,324100,3650100,320700,47000
2023-02-27,280800,512700,1958100,538300,68800
2023-02-28,207400,551500,3399300,556100,95500
2023-03-01,247800,712000,4067000,681100,64400
2023-03-02,259000,464700,3280800,583700,112300
2023-03-03,211300,280700,2602100,484000,57100
2023-03-06,535000,494900,1746300,2735800,65600
2023-03-07,165700,672200,4106200,701400,100300
2023-03-08,490300,375000,5373800,1216500,56600
2023-03-09,257100,404900,3434600,649700,159500
2023-03-10,277700,696600,5766100,1178100,169300
2023-03-13,644300,605700,6796900,1633800,142500
2023-03-14,451400,550000,2907000,1308900,90800
2023-03-15,397300,691400,5856200,1630100,290300
2023-03-16,615000,592900,3808700,1830100,240400
2023-03-17,381800,9754400,3297000,43206800,90800
2023-03-20,589700,2574500,2977600,11609200,985400
2023-03-21,212500,680000,3054700,2873300,91200
2023-03-22,307700,641700,2901000,2788900,266800
2023-03-23,351000,546100,3894700,2169600,159300
2023-03-24,282300,482800,2069200,2440900,128200
2023-03-27,348600,352400,2333700,1428300,96700
2023-03-28,285200,427000,1874500,1522100,60500
2023-03-29,1883900,434900,2894900,2106200,112900
2023-03-30,272100,378300,3268000,1530100,57500
2023-03-31,308100,426100,3048700,1363300,47300
2023-04-03,303300,673000,2667100,1155900,51600
2023-04-04,319700,694000,2191900,1041500,50200
2023-04-05,333200,448500,1857700,911900,51800
2023-04-06,207200,366400,2681100,894800,59000
2023-04-10,473000,601300,1654600,1295800,47100
2023-04-11,323000,332000,1524800,1754400,104000
2023-04-12,359500,360700,1867100,3721800,69000
2023-04-13,350000,613100,2181600,2224700,72300
2023-04-14,355400,336200,2012200,1281000,81700
2023-04-17,416500,414100,1526900,1223800,132700
2023-04-18,327100,462600,2311900,1193300,42100
2023-04-19,648100,424800,1310000,1193400,56500
2023-04-20,681300,1277000,3268300,1353300,101000
2023-04-21,654100,446900,2080500,917900,238200
2023-04-24,270400,343600,2776700,743900,54000
2023-04-25,551800,304400,1772900,746700,126900
2023-04-26,359600,382600,3125900,1230100,130200
2023-04-27,409500,1252000,3027700,864800,54700
2023-04-28,357700,1185800,2442300,972200,85500
2023-05-01,178200,355700,9210800,827400,105900
2023-05-02,338900,412900,2784900,935400,59700
2023-05-03,826300,386000,2106600,1169400,41800
2023-05-04,672700,900500,3275700,1470900,47000
2023-05-05,737300,331000,1830000,973700,42600
2023-05-08,505500,443200,2139800,687600,45300
2023-05-09,273000,257900,1766800,1668700,44000
2023-05-10,462800,261000,2105400,782800,69000
2023-05-11,557500,462400,1498900,1219100,69500
2023-05-12,203900,273100,1614400,921000,42000
2023-05-15,218500,304000,1592600,988700,42900
2023-05-16,312200,288800,1587700,598200,49500
2023-05-17,279200,345300,5382500,1554400,64100
2023-05-18,275200,371400,2191500,869200,121300
2023-05-19,231700,284400,2779500,1132200,108600
2023-05-22,212900,321200,3454900,840600,279800
2023-05-23,229700,329200,2457100,939200,60700
2023-05-24,277600,439800,2173800,930500,78000
2023-05-25,285600,331200,2358100,1027100,58100
2023-05-26,187200,409300,2722300,880700,80400
2023-05-30,300800,380700,2049500,988800,169000
2023-05-31,224200,601200,1937900,1441700,99200
2023-06-01,268700,473500,2165900,1195000,107700
2023-06-02,249500,479000,2246400,1513400,71100
2023-06-05,216800,421600,1887200,1587800,126400
2023-06-06,455600,479200,2287200,1090000,147900
2023-06-07,429000,622700,2050300,1025000,131500
2023-06-08,262000,411200,1836000,941500,93700
2023-06-09,364900,361800,2681200,1338500,132400
2023-06-12,387500,620500,2079400,1011700,71500
2023-06-13,632100,456100,2813800,834100,95100
2023-06-14,512200,372000,2488200,870200,83800
2023-06-15,482600,574300,2913400,1326900,49400
2023-06-16,523400,385600,2078500,676300,33700
2023-06-20,524300,283300,1901400,1248700,70300
2023-06-21,400100,712800,1952700,863900,75300
2023-06-22,392100,600100,1399900,1003100,57200
2023-06-23,387900,248500,1742200,884400,32600
2023-06-26,336900,292200,1432000,735400,64300
2023-06-27,200000,207900,3252300,1070100,85600
2023-06-28,452900,268500,3838000,1109000,97300
2023-06-29,258700,213700,1852100,803400,129100
2023-06-30,199100,321700,2008500,1022000,30300
2023-07-03,269100,320400,858400,480500,19200
2023-07-05,251300,482800,2288100,851500,99000
2023-07-06,220100,463400,1573100,921500,83000
2023-07-07,258800,463500,2215200,993400,45400
2023-07-10,407200,521700,1945200,1057400,92400
2023-07-11,250200,315700,2366500,968400,39900
2023-07-12,679900,796000,2554900,1094300,48300
2023-07-13,632400,307800,3372800,1862000,254400
2023-07-14,256000,293700,1598400,786900,78800
2023-07-17,243500,684800,1690400,727600,113700
2023-07-18,464300,279000,4135100,829300,134300
2023-07-19,183600,422400,2307800,1013400,114300
2023-07-20,142400,480500,8181600,14984000,622500
2023-07-21,163600,209300,3000600,2723900,83600
2023-07-24,183700,254800,2598200,1466900,286000
2023-07-25,181800,290700,1907500,1071100,237400
2023-07-26,283100,318100,2840400,1297400,138000
2023-07-27,208000,300500,1974600,834600,44300
2023-07-28,126000,275400,2154900,897000,42500
2023-07-31,228300,346200,2192100,951900,65400
2023-08-01,195600,393800,2533000,1067400,71500
2023-08-02,283000,366400,1710500,1103500,58800
2023-08-03,240200,314300,2314300,1061900,63300
2023-08-04,227800,339500,2113800,909000,150300
2023-08-07,151200,229100,1414500,802700,50200
2023-08-08,222600,224800,1981300,875700,125900
2023-08-09,553900,245700,1756300,720100,43600
2023-08-10,381200,322500,10097000,832600,55500
2023-08-11,252700,251200,1427100,806500,49300
2023-08-14,187600,441300,1780800,830600,73000
2023-08-15,982500,264100,3285000,945100,46800
2023-08-16,410900,650700,2091500,982200,37900
2023-08-17,1041300,231500,1959800,1886900,74600
2023-08-18,353900,451300,2157600,837300,66300
2023-08-21,405700,683400,1521300,1475000,48100
2023-08-22,314600,295100,2733200,3756000,90200
2023-08-23,214500,368100,2058800,1258600,700700
2023-08-24,293400,333200,1775700,1269000,81100
2023-08-25,338600,693300,2804400,1036400,55300
2023-08-28,224500,273700,1726700,806100,79800
2023-08-29,339600,534400,1993800,1324400,290500
2023-08-30,419100,264000,1329200,795600,44200
2023-08-31,268300,369900,1492400,815200,332000
2023-09-01,296800,268400,1112100,629800,37500
2023-09-05,137900,667900,1191400,968000,71900
2023-09-06,142700,327300,934300,783700,76400
2023-09-07,182400,414700,1447200,478100,92100
2023-09-08,152400,273600,1190000,654100,69900
2023-09-11,270600,378800,2443100,1155000,57400
2023-09-12,176600,246400,922600,1549600,67700
2023-09-13,246700,284200,1288100,1293100,56600
2023-09-14,461900,249800,1231700,1288500,108600
2023-09-15,224300,226500,1394800,1002900,55600
2023-09-18,176300,312800,1046500,829400,50100
2023-09-19,235600,196000,2308400,779500,119100
2023-09-20,376400,288600,2517100,792500,49500
2023-09-21,268400,229900,2598500,919000,59800
2023-09-22,205300,398400,1940500,1016900,336100
2023-09-25,252900,629400,2473600,1410300,57000
2023-09-26,238300,227000,7668300,5988000,59500
2023-09-27,236500,327500,2809400,1259600,129900
2023-09-28,299500,225700,2755200,1281500,39400
2023-09-29,490100,739600,2734500,1756300,131100
2023-10-02,322100,354300,2220000,1149400,99700
2023-10-03,355100,313000,9664300,1114100,87900
2023-10-04,508100,555200,2471800,1082200,64600
2023-10-05,294700,1911200,2530800,1421000,38400
2023-10-06,344900,921000,2697200,1498600,42700
2023-10-09,223300,493100,1425700,1109800,54800
2023-10-10,227100,356500,3729000,1928700,52500
2023-10-11,195200,226900,1848500,1500200,33000
2023-10-12,223000,439400,2127800,1369400,78800
2023-10-13,256000,223100,2198400,1353000,49000
2023-10-16,319900,304500,2775500,1410400,54900
2023-10-17,413200,348400,3916800,1049800,413800
2023-10-18,610500,361600,2386700,980400,56700
2023-10-19,411200,543900,17247500,4343800,150500
2023-10-20,706900,530700,4957000,1722600,317900
2023-10-23,511500,898500,3612600,1528400,128700
2023-10-24,484200,636700,2779300,1643100,222900
2023-10-25,470800,288000,6153100,1478800,133500
2023-10-26,619600,318800,6963200,1592200,80400
2023-10-27,345500,470800,3230500,1972400,105300
2023-10-30,326100,279500,3269100,1459100,203700
2023-10-31,376000,396100,5412400,9310800,242300
2023-11-01,499800,347200,4466900,1705000,130800
2023-11-02,478900,333200,6378100,2483800,167200
2023-11-03,219800,242300,8706700,1488200,47200
2023-11-06,253300,270500,12615800,1157400,87400
2023-11-07,264700,195900,4256500,1478100,121000
2023-11-08,204900,261900,4094700,1562100,114500
2023-11-09,196800,243200,5450800,1165900,66700
2023-11-10,205900,293900,3684800,1166600,53800
2023-11-13,211800,451800,2152800,1405000,95900
2023-11-14,524800,249500,2210800,1721600,140400
2023-11-15,318500,397500,4611800,1882300,85200
2023-11-16,247600,271000,8104900,1522300,138900
2023-11-17,141700,283800,7727200,906900,172500
2023-11-20,283000,1082200,5049700,2028900,154800
2023-11-21,183700,339500,7877900,1172600,140800
2023-11-22,163700,271300,6273100,1110400,194800
2023-11-24,52200,100400,829600,328700,28500
2023-11-27,168000,336200,8135900,1004000,61900
2023-11-28,259800,354800,8374200,843300,72200
2023-11-29,210200,277000,10632700,1055000,122300
2023-11-30,263900,433800,8373400,1462900,340300
2023-12-01,181800,501100,3668700,1171000,123000
2023-12-04,550300,529100,2648200,986000,162000
2023-12-05,711600,316000,2738400,1313500,132000
2023-12-06,814600,234800,2177900,1626600,154400
2023-12-07,299200,218200,1983400,727600,49600
2023-12-08,267000,200700,2365200,949500,96000
2023-12-11,168700,321800,4770100,1890100,124300
2023-12-12,218300,258600,2215300,3530900,66300
2023-12-13,1220500,273900,2612300,1079600,89300
2023-12-14,818400,489300,3401000,1660200,103700
2023-12-15,554400,354800,3389200,1461600,68100
2023-12-18,723500,249100,2515000,1034600,70600
2023-12-19,554200,200600,2645600,3666000,98200
2023-12-20,482900,361000,3456100,1358200,89900
2023-12-21,329100,199600,3040900,1062100,101700
2023-12-22,570600,191300,2467700,993000,85400
2023-12-26,178700,135000,1468000,778700,97300
2023-12-27,472700,241100,2825900,1057400,102100
2023-12-28,241700,288400,2211900,1089400,51400
2023-12-29,259700,503700,2386600,997600,81000
2024-01-02,370100,718700,2489000,1070000,114800
2024-01-03,184300,269200,2638900,944400,127700
2024-01-04,383600,300900,2250200,1251500,77600
2024-01-05,477100,277200,2170200,1067600,112200
2024-01-08,309700,195500,2465500,1165900,79700
2024-01-09,306400,311800,1803700,877500,77400
2024-01-10,283800,282600,1682800,1512100,78700
2024-01-11,737500,266900,2771700,1142800,48900
2024-01-12,116800,236400,1862000,720000,110500
2024-01-16,349000,296100,2531000,1311800,80400
2024-01-17,345300,342800,2383600,1230300,94300
2024-01-18,930400,476400,3291800,1928800,106100
2024-01-19,264900,539000,2303200,1213100,104200
2024-01-22,170500,640100,3163600,1338700,70900
2024-01-23,169700,1335100,2233600,1184600,59500
2024-01-24,308000,536100,2391200,1262700,139500
2024-01-25,449500,1033900,9986300,18640200,277100
2024-01-26,353500,268700,2579600,3662400,507700
2024-01-29,237600,267900,3831800,2663000,112400
2024-01-30,439500,533900,1865600,1571500,57300
2024-01-31,485400,433000,4320100,1592000,100900
2024-02-01,416200,559700,2887500,1645100,103600
2024-02-02,424000,674100,3117800,1876800,350800
2024-02-05,390600,649800,2852800,1646200,99800
2024-02-06,269800,1227900,2640700,1181000,58600
2024-02-07,555900,366600,2028800,1295100,46300
2024-02-08,415200,504400,1351100,1232700,68700
2024-02-09,211300,429100,2343600,1018700,138100
2024-02-12,451400,1107000,1358700,916800,172900
2024-02-13,219200,850000,5512500,1166800,104400
2024-02-14,687500,730800,15329000,1076800,76900
2024-02-15,610000,960900,3241300,1883200,104000
2024-02-16,270100,375500,3033500,912300,85400
2024-02-20,374300,837400,3305500,948800,85700
2024-02-21,490400,1261200,2496900,1505100,51500
2024-02-22,240800,1001700,4244300,1276000,102900
2024-02-23,660900,784000,2344600,814100,265000
2024-02-26,187300,723000,2382700,992600,118100
2024-02-27,231100,1107400,1919100,1142200,75400
2024-02-28,1147700,595800,1602100,812200,166300
2024-02-29,332600,656000,11251900,1299200,391000
2024-03-01,291000,894200,1925200,878100,69300
2024-03-04,325500,912600,3099500,1473200,450300
2024-03-05,343900,1825000,3016900,1681100,312600
2024-03-06,285100,839900,2062300,894500,144800
2024-03-07,458900,945000,2807400,934400,115600
2024-03-08,299300,1189000,2382400,1007400,70900
2024-03-11,327800,1678300,1431600,840400,56300
2024-03-12,550200,979900,2053200,834800,109600
2024-03-13,379100,732100,2151200,857300,76600
2024-03-14,473400,2071600,2479800,17780600,687900
2024-03-15,440500,1057600,2519400,3647200,779200
2024-03-18,150800,468600,1816000,1331100,131200
2024-03-19,299700,684400,2002400,1508900,107900
2024-03-20,321800,592500,2747300,1451100,122500
2024-03-21,265100,684400,1844400,1790900,90200
2024-03-22,267400,451500,2024200,920200,79700
2024-03-25,384900,517500,1198300,1108100,91400
2024-03-26,365600,1094600,8117100,1365400,105300
2024-03-27,264000,728600,1594500,1132800,128300
2024-03-28,268700,2149900,2621400,1573300,285200
2024-04-01,338700,986600,2282600,1193600,61900
2024-04-02,346500,645800,1465300,1215000,113800
2024-04-03,378200,1164000,2080500,1172300,93300
2024-04-04,239800,781400,2156000,1262600,1833300
2024-04-05,204800,1015100,1893700,880600,124300
2024-04-08,407500,618500,1426000,834200,90600
2024-04-09,222400,947000,1513000,1379300,94400
2024-04-10,474200,1393400,3513100,1455100,189700
2024-04-11,362600,924600,2120500,1156100,106200
2024-04-12,511900,667400,2875700,1303600,68300
2024-04-15,437700,1192100,4103300,1304100,82700
2024-04-16,409300,1703600,3699000,1218700,87900
2024-04-17,333900,935500,5021500,1170600,92100
2024-04-18,234700,948100,2565900,1849400,106400
2024-04-19,256500,1847100,2921200,2146600,548900
2024-04-22,156200,1382600,2632400,1467900,69000
2024-04-23,247300,617200,2727900,1015100,381000
2024-04-24,214500,529100,1926900,1212000,99200
2024-04-25,153600,1177200,1926700,1011900,106800
2024-04-26,265600,421900,2421700,716600,48800
2024-04-29,143400,537000,1422800,895000,77400
2024-04-30,1957100,727500,2320600,1171400,94800
2024-05-01,516100,910100,3781100,1627000,69600
2024-05-02,197100,844300,3028400,1854500,70900
2024-05-03,255400,949500,2356700,1411100,55800
2024-05-06,174700,509000,1147200,1093300,83600
2024-05-07,253100,1636400,1183300,1449600,72500
2024-05-08,222600,447100,1159800,852600,75500
2024-05-09,229700,471800,1255300,738300,49700
2024-05-10,122800,899100,1824700,946600,68200
2024-05-13,598800,507900,1212500,869400,35400
2024-05-14,184500,1592900,1126400,940500,67200
2024-05-15,248600,627600,1582700,1216600,53200
2024-05-16,777500,567400,1513700,1034900,51600
2024-05-17,248500,397600,1292600,914200,56700
2024-05-20,216400,1197800,1209900,490600,42400
2024-05-21,271800,624300,1004400,777100,58700
2024-05-22,242200,736700,1543200,754300,81400
2024-05-23,359700,741800,1859400,762500,85100
2024-05-24,170800,686800,909500,629600,96200
2024-05-28,229400,487100,1692200,753700,369800
2024-05-29,183300,458500,2493000,976400,50300
2024-05-30,221100,693100,1223700,618600,45200
2024-05-31,264300,891800,2870500,896000,38600
2024-06-03,470900,866000,2341200,1064900,129100
2024-06-04,453100,690500,1089400,973100,55200
2024-06-05,176600,431000,924300,776600,39800
2024-06-06,175900,728200,5541800,1597900,306400
2024-06-07,237100,709400,1242500,828600,134100
2024-06-10,201300,563500,952800,1002400,59200
2024-06-11,822600,896500,1636000,982500,743200
2024-06-12,364500,681700,1403500,1129900,54400
2024-06-13,413200,655300,1692900,986900,324600
2024-06-14,413300,387100,1156100,976500,34900
2024-06-17,188400,552900,1557700,813700,54500
2024-06-18,250900,664900,1357600,1471700,53900
2024-06-20,253300,823900,1518800,1036100,63400
2024-06-21,246300,894200,3118800,930500,42200
2024-06-24,333600,501800,1345700,800100,44600
2024-06-25,140400,766700,1227800,692800,44300
2024-06-26,117700,304500,1295300,760200,108200
2024-06-27,303500,418000,863600,1606900,36400
2024-06-28,343800,550600,1716200,1007500,35500
2024-07-01,164700,450300,1999200,1055800,43500
2024-07-02,134700,398000,2028700,1169800,79800
2024-07-03,121800,502900,828400,674100,41400
2024-07-05,402600,315700,1165400,976700,133200
2024-07-08,144700,481300,933300,779700,121100
2024-07-09,136800,305500,1102400,958700,79400
2024-07-10,179500,363900,1744000,896800,44500
2024-07-11,357300,726000,1279400,861400,54300
2024-07-12,246100,756700,1244700,784800,72200
2024-07-15,180600,648400,1557400,977800,67400
2024-07-16,188000,392400,1167500,957400,69600
2024-07-17,632600,1122100,1874800,1965400,120100
2024-07-18,689900,822700,1391400,1188100,321800
2024-07-19,236300,626100,1604200,547200,37100
2024-07-22,152300,741900,1155600,803000,52200
2024-07-23,149100,998300,3058600,812400,47100
2024-07-24,398500,966400,2109400,1101700,69600
2024-07-25,331100,1239700,2001200,1081100,68900
2024-07-26,195200,486100,1438300,914000,89500
2024-07-29,126300,278800,1211800,697900,56000
2024-07-30,442500,585000,1048100,821200,61100
2024-07-31,1201600,1345200,2438700,1807200,95100
2024-08-01,226700,617200,2013300,1332000,54300
2024-08-02,246100,1395300,2104800,1076000,172300
2024-08-05,366800,1803500,5078900,1538200,117400
2024-08-06,379800,1368500,11539300,1777800,168700
2024-08-07,866400,858800,2705700,819800,434400
2024-08-08,166100,747700,3401700,641600,585400
2024-08-09,177400,554100,1753500,700300,63000
2024-08-12,278900,501500,2980500,744400,87800
2024-08-13,222400,805900,1580400,587400,58400
2024-08-14,159900,442700,1154000,925400,55500
2024-08-15,132000,673300,1132100,619400,49600
2024-08-16,185900,433400,1443000,904500,60100
2024-08-19,105900,444600,2253700,557700,149900
2024-08-20,181900,377800,1712300,829600,215300
2024-08-21,125200,431900,2233800,1155700,150500
2024-08-22,282800,500800,2479600,695000,70400
2024-08-23,153700,568100,2781400,674700,89200
2024-08-26,520300,364900,1065500,829300,133200
2024-08-27,149500,416500,1227300,561900,41300
2024-08-28,96300,690300,1387500,668300,57800
2024-08-29,150500,588600,2121000,1046400,63100
2024-08-30,181800,463500,2171300,655300,53800
2024-09-03,159300,746300,1947100,1037900,88900
2024-09-04,404300,746200,4073800,722800,41800
2024-09-05,277400,1682300,3487400,2281300,223900
2024-09-06,193700,583800,2072500,1176700,48400
2024-09-09,558400,588200,6618500,865200,65700
2024-09-10,218600,414400,3263500,1145800,105700
2024-09-11,384900,591300,2314200,1938900,67100
2024-09-12,379400,396600,2729000,793400,55800
2024-09-13,422000,341400,2013900,589800,68200
2024-09-16,167300,543900,1148900,620800,72700
2024-09-17,258900,458900,1054900,731000,48300
2024-09-18,173600,538100,2145900,1093500,114700
2024-09-19,168900,586100,1475000,777300,104800
2024-09-20,284200,475500,1086400,670700,43800
2024-09-23,187400,318500,1366500,634300,54400
2024-09-24,243200,357700,1411000,673000,118700
2024-09-25,183200,277200,856900,1260700,72500
2024-09-26,154000,577900,1387400,789900,91200
2024-09-27,443700,524700,1252200,916800,82100
2024-09-30,218300,555300,1477500,1017200,82200
2024-10-01,404400,844600,2065400,1619600,65900
2024-10-02,455200,455900,2149800,725200,48900
2024-10-03,175100,373100,2002200,802700,121000
2024-10-04,826200,360000,1333700,744900,50700
2024-10-07,152400,463200,1523300,1077200,115900
2024-10-08,157500,524300,2067800,891900,48200
2024-10-09,206500,529000,1699800,1034600,52500
2024-10-10,169600,450200,1154600,757200,91000
2024-10-11,265200,546700,1966300,840600,332200
2024-10-14,142500,343900,969700,511300,39000
2024-10-15,426100,581600,1531900,673300,47400
2024-10-16,167700,438200,1257600,836100,81500
2024-10-17,182000,611400,901300,763500,50300
2024-10-18,122000,293600,1207500,558200,60600
2024-10-21,174400,280900,706500,717300,62400
2024-10-22,135300,261000,904100,655000,41600
2024-10-23,120300,319700,2038500,711500,93000
2024-10-24,115200,308800,1357800,708800,50600
2024-10-25,87000,301100,1035000,578500,151200
2024-10-28,87400,403100,1571900,566100,149400
2024-10-29,112000,386700,1353600,697000,43500
2024-10-30,92400,592600,1180100,795900,230600
2024-10-31,1602600,601700,1595200,1933200,53700
2024-11-01,150100,614600,1232500,765600,77300
2024-11-04,105400,570600,1222800,820500,64000
2024-11-05,99100,995100,1730100,828500,35900
2024-11-06,207500,828900,3170600,1038600,237900
2024-11-07,170100,492100,3401400,1169300,129400
2024-11-08,3303700,13786600,1849300,1784400,262400
2024-11-11,102500,1426300,1678000,1005600,78200
2024-11-12,304900,1206400,1464800,903800,47900
2024-11-13,1100500,948800,1612800,1084600,41800
2024-11-14,338300,717400,1377500,1272500,51800
2024-11-15,371400,1087400,4372500,1164900,115100
2024-11-18,334100,654500,1739400,959300,62600
2024-11-19,193400,613100,3766600,818000,101500
2024-11-20,191800,1111400,1600400,1847200,58500
2024-11-21,160500,912900,1744500,934200,69600
2024-11-22,253100,583700,1633600,742200,157300
2024-11-25,840900,936700,2441800,2910600,135200
2024-11-26,170200,626100,1750400,864900,84700
2024-11-27,581600,735100,1441600,630100,154200
2024-11-29,108500,400400,1104600,553400,32000
2024-12-02,265900,882700,1560300,961000,98900
2024-12-03,172100,541300,1864800,675900,241000
2024-12-04,177000,480800,864000,860900,179400
2024-12-05,162100,382000,1288800,1031400,127400
2024-12-06,156400,391600,970300,752700,117600
2024-12-09,153000,1654100,1074600,1079500,60400
2024-12-10,315400,1338900,1896500,1005800,592300
2024-12-11,121300,698600,1772000,704100,76200
2024-12-12,156900,935200,1566600,629800,66900
2024-12-13,181700,836700,809500,955000,58100
2024-12-16,867700,993500,1092800,1977000,228400
2024-12-17,249800,968500,1847000,798200,131700
2024-12-18,342500,1253700,2250000,1295100,122400
2024-12-19,548600,1628400,4581200,1380400,129900
2024-12-20,473000,1269700,1947600,1271400,122200
2024-12-23,378000,632100,1568100,1036900,118300
2024-12-24,101400,400400,566100,442300,64100
2024-12-26,154300,365600,841100,557600,93000
2024-12-27,343600,758600,866200,700800,73900
2024-12-30,849800,936900,1285500,681200,98500
